# BUILD-STAMP exe=/home/g/.cache/ab/bench-A size=4096936 mtime=2026-09-01 12:04:05.828577062 UTC ghc-Version {versionBranch = [9,10,3], versionTags = []} linux-x86_64
# BUILD-STAMP sha256=906badea54e15896aed6ddfdf17fe2b0101d53dc6afec36a184e97eda888153f HEAD=94fd4eb src-tree=5d869512f5d4d2a0176986363b03e6f3dd2f18c0 src-dirty=0
# cell=P2realNCDy16-T100-s1-route1 profile=P2realNCDy16 ticks=100 seed=1 route=1
# argv=--profile P2realNCDy16 --ticks 100 --seed 1 --route 1 --out /home/g/ab-mech/P2realNCDy16-A --raw /home/g/.cache/ab/raw
# hello={"membrane": 1, "world": {"namespace": ["t", "n-candidates=0", "n-candidates=1", "n-candidates=2plus", "leader-credence=lt50", "leader-credence=50to70", "leader-credence=70to80", "leader-credence=80to90", "leader-credence=ge90", "p-none=lt20", "p-none=20to50", "p-none=ge50", "n-obs=0", "n-obs=1to2", "n-obs=3plus", "era-split=1", "owner-scoped=1", "grow-pass=1", "act"], "guards": [{"name": "n-candidates=0", "grid": [0.5]}, {"name": "n-candidates=1", "grid": [0.5]}, {"name": "n-candidates=2plus", "grid": [0.5]}, {"name": "leader-credence=lt50", "grid": [0.5]}, {"name": "leader-credence=50to70", "grid": [0.5]}, {"name": "leader-credence=70to80", "grid": [0.5]}, {"name": "leader-credence=80to90", "grid": [0.5]}, {"name": "leader-credence=ge90", "grid": [0.5]}, {"name": "p-none=lt20", "grid": [0.5]}, {"name": "p-none=20to50", "grid": [0.5]}, {"name": "p-none=ge50", "grid": [0.5]}, {"name": "n-obs=0", "grid": [0.5]}, {"name": "n-obs=1to2", "grid": [0.5]}, {"name": "n-obs=3plus", "grid": [0.5]}, {"name": "era-split=1", "grid": [0.5]}, {"name": "owner-scoped=1", "grid": [0.5]}, {"name": "grow-pass=1", "grid": [0.5]}], "menu": [{"name": "act", "grid": [1, 2, 3, 4, 5, 6, 7, 8, 9, 10, 11, 12, 13, 14, 15, 16]}], "codebooks": {"theta": [1.953125e-2, 4.98046875e-2, 0.1796875, 0.3388671875, 0.857421875, 0.8642578125, 0.9501953125, 0.998046875]}, "utility": {"form": "said@1", "said": ["if", ["=", ["get", "act"], ["c", 1.0]], ["+", ["c", 0.0], ["*", ["var", 1], ["c", 0.0]]], ["if", ["=", ["get", "act"], ["c", 2.0]], ["+", ["c", -0.02], ["*", ["var", 1], ["c", 1.0]]], ["if", ["=", ["get", "act"], ["c", 3.0]], ["+", ["c", -0.1], ["*", ["var", 1], ["c", 1.0]]], ["+", ["c", -9.0], ["*", ["var", 1], ["c", 10.0]]]]]]}}}
# tick-mode=EvidenceAndMenu
# hello-reply={"ok": true, "proto": 1, "models": 960, "namespace_bits": 4.247927513443586}
# models=960
# models-assert=OK predicted=960
# route1 columns: window_start,window_end,median_wall_ns,mean_wall_ns,p90_wall_ns,min_wall_ns,median_cpu_ns,vmrss_kb_at_end
1,100,104161340,105753801,136161424,61563909,103959620,15884
# summary ticks_done=100 ticks_requested=100 total_wall_s=10.577 peak_rss_kb=15884
