# BUILD-STAMP exe=/home/g/.cache/ab/bench-A size=4096224 mtime=2026-09-01 11:33:24.836166511 UTC ghc-Version {versionBranch = [9,10,3], versionTags = []} linux-x86_64
# BUILD-STAMP sha256=76557c5a5140b737ad5c65acade400b971659c7d2c3e478c91f956afa3e4cba1 HEAD=94fd4eb src-tree=5d869512f5d4d2a0176986363b03e6f3dd2f18c0 src-dirty=0
# cell=P2realNC-T100-s1-route1 profile=P2realNC ticks=100 seed=1 route=1
# argv=--profile P2realNC --ticks 100 --seed 1 --route 1 --out /home/g/ab-width/w4-A1 --raw /home/g/.cache/ab/raw
# hello={"membrane": 1, "world": {"namespace": ["t", "n-candidates=0", "n-candidates=1", "n-candidates=2plus", "leader-credence=lt50", "leader-credence=50to70", "leader-credence=70to80", "leader-credence=80to90", "leader-credence=ge90", "p-none=lt20", "p-none=20to50", "p-none=ge50", "n-obs=0", "n-obs=1to2", "n-obs=3plus", "era-split=1", "owner-scoped=1", "grow-pass=1", "act"], "guards": [{"name": "n-candidates=0", "grid": [0.5]}, {"name": "n-candidates=1", "grid": [0.5]}, {"name": "n-candidates=2plus", "grid": [0.5]}, {"name": "leader-credence=lt50", "grid": [0.5]}, {"name": "leader-credence=50to70", "grid": [0.5]}, {"name": "leader-credence=70to80", "grid": [0.5]}, {"name": "leader-credence=80to90", "grid": [0.5]}, {"name": "leader-credence=ge90", "grid": [0.5]}, {"name": "p-none=lt20", "grid": [0.5]}, {"name": "p-none=20to50", "grid": [0.5]}, {"name": "p-none=ge50", "grid": [0.5]}, {"name": "n-obs=0", "grid": [0.5]}, {"name": "n-obs=1to2", "grid": [0.5]}, {"name": "n-obs=3plus", "grid": [0.5]}, {"name": "era-split=1", "grid": [0.5]}, {"name": "owner-scoped=1", "grid": [0.5]}, {"name": "grow-pass=1", "grid": [0.5]}], "menu": [{"name": "act", "grid": [1, 2, 3, 4]}], "codebooks": {"theta": [2.0e-2, 5.0e-2, 0.18, 0.339, 0.857, 0.864, 0.95, 0.9977777777777779]}, "utility": {"form": "said@1", "said": ["if", ["=", ["get", "act"], ["c", 1.0]], ["+", ["c", 0.0], ["*", ["var", 1], ["c", 0.0]]], ["if", ["=", ["get", "act"], ["c", 2.0]], ["+", ["c", -0.02], ["*", ["var", 1], ["c", 1.0]]], ["if", ["=", ["get", "act"], ["c", 3.0]], ["+", ["c", -0.1], ["*", ["var", 1], ["c", 1.0]]], ["+", ["c", -9.0], ["*", ["var", 1], ["c", 10.0]]]]]]}}}
# tick-mode=EvidenceAndMenu
# hello-reply={"ok": true, "proto": 1, "models": 960, "namespace_bits": 4.247927513443586}
# models=960
# models-assert=OK predicted=960
# route1 columns: window_start,window_end,median_wall_ns,mean_wall_ns,p90_wall_ns,min_wall_ns,median_cpu_ns,vmrss_kb_at_end
1,100,167840601,193086065,390288227,26784743,167386661,20096
# summary ticks_done=100 ticks_requested=100 total_wall_s=19.311 peak_rss_kb=20096
